{"cam_K": [3862.5789650093166, 0.0, 1200.0, 0.0, 3862.5789650093166, 1200.0, 0.0, 0.0, 1.0], "depth_scale": 0.1, "cam_R_w2c": [-0.6246240418246489, -0.780925608732765, -3.4189366782700444e-23, -0.7809256087325962, 0.6246240418245138, -6.57300264743417e-07, 5.133026093649605e-07, -4.1056554805644485e-07, -0.999999999999784], "cam_t_w2c": [1.5665360072317597e-20, 6.5730026474343055e-06, 1613.9392789047274]}